{
  "model": {
    "type": "minecraft:condition",
    "on_false": {
      "type": "minecraft:select",
      "property": "minecraft:custom_model_data",
      "cases": [
        {
          "when": "tms:junk/broken_rod",
          "model": {
            "type": "minecraft:model",
            "model": "tms:item/broken_rod"
          }
        }
      ],
      "fallback": {
        "type": "minecraft:model",
        "model": "minecraft:item/fishing_rod"
      }
    },
    "on_true": {
      "type": "minecraft:select",
      "property": "minecraft:custom_model_data",
      "cases": [
        {
          "when": "tms:junk/broken_rod",
          "model": {
            "type": "minecraft:model",
            "model": "tms:item/broken_rod"
          }
        }
      ],
      "fallback": {
        "type": "minecraft:model",
        "model": "minecraft:item/fishing_rod_cast"
      }
    },
    "property": "minecraft:fishing_rod/cast"
  }
}