{
  "model": {
    "type": "select",
    "property": "custom_model_data",
    "fallback": {
      "type": "model",
      "model": "minecraft:item/gold_nugget"
    },
    "cases": [
      {
        "when": "tms:money_amulet",
        "model": {
          "type": "model",
          "model": "tms:item/money_amulet"
        }
      },
      {
        "when": "tms:golden_dolphin_tooth",
        "model": {
          "type": "model",
          "model": "tms:item/golden_dolphin_tooth"
        }
      }
    ]
  }
}