{
  "model": {
    "type": "minecraft:condition",
    "property": "minecraft:has_component",
    "component": "minecraft:custom_model_data",
    "on_true": {
      "type": "minecraft:select",
      "property": "minecraft:custom_model_data",
      "cases": [
        {
          "when": "tms:junk/boot",
          "model": {
            "type": "minecraft:model",
            "model": "tms:item/boot"
          }
        }
      ]
    },
    "on_false": {
      "type": "minecraft:select",
      "property": "minecraft:trim_material",
      "cases": [
        {
          "model": {
            "type": "minecraft:model",
            "model": "minecraft:item/leather_boots_quartz_trim",
            "tints": [
              {
                "type": "minecraft:dye",
                "default": -6265536
              }
            ]
          },
          "when": "minecraft:quartz"
        },
        {
          "model": {
            "type": "minecraft:model",
            "model": "minecraft:item/leather_boots_iron_trim",
            "tints": [
              {
                "type": "minecraft:dye",
                "default": -6265536
              }
            ]
          },
          "when": "minecraft:iron"
        },
        {
          "model": {
            "type": "minecraft:model",
            "model": "minecraft:item/leather_boots_netherite_trim",
            "tints": [
              {
                "type": "minecraft:dye",
                "default": -6265536
              }
            ]
          },
          "when": "minecraft:netherite"
        },
        {
          "model": {
            "type": "minecraft:model",
            "model": "minecraft:item/leather_boots_redstone_trim",
            "tints": [
              {
                "type": "minecraft:dye",
                "default": -6265536
              }
            ]
          },
          "when": "minecraft:redstone"
        },
        {
          "model": {
            "type": "minecraft:model",
            "model": "minecraft:item/leather_boots_copper_trim",
            "tints": [
              {
                "type": "minecraft:dye",
                "default": -6265536
              }
            ]
          },
          "when": "minecraft:copper"
        },
        {
          "model": {
            "type": "minecraft:model",
            "model": "minecraft:item/leather_boots_gold_trim",
            "tints": [
              {
                "type": "minecraft:dye",
                "default": -6265536
              }
            ]
          },
          "when": "minecraft:gold"
        },
        {
          "model": {
            "type": "minecraft:model",
            "model": "minecraft:item/leather_boots_emerald_trim",
            "tints": [
              {
                "type": "minecraft:dye",
                "default": -6265536
              }
            ]
          },
          "when": "minecraft:emerald"
        },
        {
          "model": {
            "type": "minecraft:model",
            "model": "minecraft:item/leather_boots_diamond_trim",
            "tints": [
              {
                "type": "minecraft:dye",
                "default": -6265536
              }
            ]
          },
          "when": "minecraft:diamond"
        },
        {
          "model": {
            "type": "minecraft:model",
            "model": "minecraft:item/leather_boots_lapis_trim",
            "tints": [
              {
                "type": "minecraft:dye",
                "default": -6265536
              }
            ]
          },
          "when": "minecraft:lapis"
        },
        {
          "model": {
            "type": "minecraft:model",
            "model": "minecraft:item/leather_boots_amethyst_trim",
            "tints": [
              {
                "type": "minecraft:dye",
                "default": -6265536
              }
            ]
          },
          "when": "minecraft:amethyst"
        },
        {
          "model": {
            "type": "minecraft:model",
            "model": "minecraft:item/leather_boots_resin_trim",
            "tints": [
              {
                "type": "minecraft:dye",
                "default": -6265536
              }
            ]
          },
          "when": "minecraft:resin"
        }
      ],
      "fallback": {
        "type": "minecraft:model",
        "model": "minecraft:item/leather_boots",
        "tints": [
          {
            "type": "minecraft:dye",
            "default": -6265536
          }
        ]
      }
    }
  }
}