{
  "model": {
    "type": "select",
    "property": "custom_model_data",
    "fallback": {
      "type": "model",
      "model": "minecraft:item/prismarine_crystals"
    },
    "cases": [
      {
        "when": "tms:dolphin_teeth_necklace",
        "model": {
          "type": "model",
          "model": "tms:item/dolphin_teeth_necklace"
        }
      },
      {
        "when": "tms:iron_dolphin_teeth_necklace",
        "model": {
          "type": "model",
          "model": "tms:item/iron_dolphin_teeth_necklace"
        }
      },
      {
        "when": "tms:golden_dolphin_teeth_necklace",
        "model": {
          "type": "model",
          "model": "tms:item/golden_dolphin_teeth_necklace"
        }
      },
      {
        "when": "tms:diamond_dolphin_teeth_necklace",
        "model": {
          "type": "model",
          "model": "tms:item/diamond_dolphin_teeth_necklace"
        }
      }
    ]
  }
}