{
  "model": {
    "type": "minecraft:select",
    "property": "minecraft:custom_model_data",
    "cases": [
      {
        "when": "tms:mutated_artifact",
        "model": {
          "type": "minecraft:model",
          "model": "tms:item/mutated_artifact"
        }
      }
    ],
    "fallback": {
      "type": "minecraft:special",
      "model": {
        "type": "minecraft:head",
        "kind": "zombie"
      },
      "base": "minecraft:item/template_skull"
    }
  }
}