{
  "model": {
    "type": "minecraft:select",
    "property": "minecraft:custom_model_data",
    "cases": [
      {
        "when": "tms:biocore",
        "model": {
          "type": "minecraft:model",
          "model": "tms:item/biocore"
        }
      }
    ],
    "fallback": {
      "type": "minecraft:model",
      "model": "minecraft:item/firework_star",
      "tints": [
        {
          "type": "minecraft:constant",
          "value": -1
        },
        {
          "type": "minecraft:firework",
          "default": -7697782
        }
      ]
    }
  }
}