{
  "model": {
    "type": "select",
    "property": "custom_model_data",
    "fallback": {
      "type": "model",
      "model": "minecraft:item/netherite_hoe"
    },
    "cases": [
      {
        "when": "tms:destructive_netherite_hoe",
        "model": {
          "type": "model",
          "model": "tms:item/destructive_netherite_hoe"
        }
      },
      {
        "when": "tms:broad_hoe",
        "model": {
          "type": "model",
          "model": "tms:item/broad_hoe"
        }
      },
      {
        "when": "tms:great_broad_hoe",
        "model": {
          "type": "model",
          "model": "tms:item/great_broad_hoe"
        }
      },
      {
        "when": "tms:greatest_broad_hoe",
        "model": {
          "type": "model",
          "model": "tms:item/greatest_broad_hoe"
        }
      }
    ]
  }
}